<?xml version="1.0" encoding="UTF-8"?>
<propietarios>
	<propietario dni="12654123T">
		<nombre>Juan Luis Guerra</nombre>
		<vehiculos>
			<vehiculo>
				<matricula>4534-FRG</matricula>
				<marca>Seat</marca>
				<modelo>Ibiza</modelo>
			</vehiculo>
			<vehiculo>
				<matricula>1234-ZAP</matricula>
				<marca>Seat</marca>
				<modelo>Toledo</modelo>
			</vehiculo>
		</vehiculos>
	</propietario>
	<propietario dni="62854854Z">
		<nombre>Luis Miguel López</nombre>
		<vehiculos>
			<vehiculo>
				<matricula>8333-ABC</matricula>
				<marca>Volvo</marca>
				<modelo>S40</modelo>
			</vehiculo>
		</vehiculos>
	</propietario>
</propietarios>