<?xml version="1.0" encoding="UTF-8"?>
<vehiculos>
	<vehiculo>
		<matricula>4534-FRG</matricula>
		<marca>Seat</marca>
		<modelo>Ibiza</modelo>
		<propietario dni="12654123T">Juan Luis Guerra</propietario>
	</vehiculo>
	<vehiculo>
		<matricula>8333-ABC</matricula>
		<marca>Volvo</marca>
		<modelo>S40</modelo>
		<propietario dni="62854854Z">Luis Miguel López</propietario>
	</vehiculo>
	<vehiculo>
		<matricula>1234-ZAP</matricula>
		<marca>Seat</marca>
		<modelo>Toledo</modelo>
		<propietario dni="12654123T">Juan Luis Guerra</propietario>
	</vehiculo>
</vehiculos>