<?xml version="1.0" encoding="UTF-8"?>
<rss version="2.0">
	<channel>
		<title>Título de mi canal RSS</title>
		<link>http://www.midominio.com/</link>
		<description>Canal de noticias sobre tecnología y ciencia</description>
		<lastBuildDate>Wen, 09 Dec 2020 12:00:00 GMT</lastBuildDate>
		<ttl>60</ttl>
		<item>
			<title>Título del artículo</title>
			<link>http://www.midominio.com/contenido/articulo1.html</link>
			<description>En este artículo explicamos el funcionamiento de...</description>
			<category>Tecnología</category>
			<category>Ocio</category>
			<pubDate>Tue, 08 Dec 2020 11:00:28 GMT</pubDate>
		</item>
		<item>
			<title>Título del artículo</title>
			<link>http://www.midominio.com/contenido/articulo2.html</link>
			<description>En este artículo explicamos el funcionamiento de...</description>
			<category>Cultura</category>
			<pubDate>Tue, 08 Dec 2020 11:00:28 GMT</pubDate>
		</item>
	</channel>
</rss>

