<?xml version="1.0"?>
<catalogo>
	<disco>
		<titulo>Still got the blues</titulo>
		<artista>Gary Moore</artista>
		<pais>UK</pais>
		<compania>Virgin Records</compania>
		<precio>10.20</precio>
		<anio>1990</anio>
	</disco>
	<disco>
		<titulo>Still got the blues</titulo>
		<artista>Gary Moore</artista>
		<pais>UK</pais>
		<compania>Virgin Records</compania>
		<precio>10.20</precio>
		<anio>1990</anio>
	</disco>
	<disco>
		<titulo>Still got the blues</titulo>
		<artista>Gary Moore</artista>
		<pais>UK</pais>
		<compania>Virgin Records</compania>
		<precio>10.20</precio>
		<anio>1990</anio>
	</disco>
	<disco>
		<titulo>Still got the rock</titulo>
		<artista>Gary Moore</artista>
		<pais>UK</pais>
		<compania>Virgin Records</compania>
		<precio>10.20</precio>
		<anio>1990</anio>
	</disco>
</catalogo>