<?xml version="1.0"?>
<cartelera>
	<pelicula>
		<titulo>Aquellas juergas universitarias</titulo>
		<titulo_original>Old School</titulo_original>
		<pais>EEUU</pais>
		<anio>2003</anio>
		<duracion>93</duracion>
		<director>Todd Phillips</director>
		<interpretes>
			<interprete>Will Ferrel</interprete>
			<interprete>Luke Wilson</interprete>
			<interprete>Vince Vaughn</interprete>
		</interpretes>
		<resumen>Mitch, Frank y Benie...</resumen>
		<web>http://www.oldschool-themovie.com/</web>
		<valoracion_publica>Comedia recomendada...</valoracion_publica>
	</pelicula>
	<pelicula>
		<titulo>Rambo 40</titulo>
		<titulo_original>Rambo 40</titulo_original>
		<pais>EEUU</pais>
		<anio>2020</anio>
		<duracion>93</duracion>
		<director>Silverster Stallone</director>
		<interpretes>
			<interprete>Silverster Stallone</interprete>
			<interprete>Luke Wilson</interprete>
			<interprete>Vince Vaughn</interprete>
		</interpretes>
		<resumen>Rambo está tela de enfadado y la lia otra vez</resumen>
		<web>http://www.rambo40.com/</web>
		<valoracion_publica>Comedia</valoracion_publica>
	</pelicula>
</cartelera>