<?xml version="1.0" encoding="UTF-8"?>
<calificaciones>
	<alumnos>
		<alumno id="1">
			<apellidos>Álvarez Polo</apellidos>
			<nombre>Iván</nombre>
			<notas>
				<primer>2,21</primer>
				<segundo>0,0</segundo>
				<tercero>3,20</tercero>
				<final>1,80</final>
			</notas>
		</alumno>
		<alumno id="2">
			<apellidos>Bejarano Algo</apellidos>
			<nombre>Sergio</nombre>
			<notas>
				<primer>2,21</primer>
				<segundo>0,0</segundo>
				<tercero>3,20</tercero>
				<final>1,80</final>
			</notas>
		</alumno>
		<alumno id="3">
			<apellidos>Calero Tomé</apellidos>
			<nombre>Ismael</nombre>
			<notas>
				<primer>2,21</primer>
				<segundo>0,0</segundo>
				<tercero>3,20</tercero>
				<final>1,80</final>
			</notas>
		</alumno>
	</alumnos>
</calificaciones>