<?xml version="1.0" encoding="UTF-8"?>
<asignaciones>
	<asignacion>
		<servidor ip="151.236.38.141">
			<alias>ProfeServer</alias>
			<os>Ubuntu 16 Español</os>
		</servidor>
		<persona>Kike</persona>
	</asignacion>
	<asignacion>
		<servidor ip="85.234.128.180">
			<alias>LuisServer</alias>
			<os>Ubuntu 16 Español</os>
		</servidor>
		<persona>Luis</persona>
	</asignacion>
	<asignacion>
		<servidor ip="85.234.128.168">
			<alias>IsmaelServer</alias>
			<os>Ubuntu 16 Español</os>
		</servidor>
		<persona>Ismael</persona>
	</asignacion>
	<asignacion>
		<servidor ip="151.236.38.141">
			<alias>ProfeServer</alias>
			<os>Ubuntu 16 Español</os>
		</servidor>
		<persona>Kike</persona>
	</asignacion>
</asignaciones>