<?xml version="1.0" encoding="UTF-8"?>
<ab:abogado xmlns:ab="www.bufeteabogados.com">
	<ab:nombre>Roberto Logano</ab:nombre>
	<ab:email>rlogano@bufeteabogados.com</ab:email>
	<ab:telefono>654987159</ab:telefono>
	<casos>
		<caso>
			<descripcion>Demanda a Jamazon</descripcion>
			<cl:cliente xmlns:cl="www.bufeteabogados.com">
				<cl:nombre>Jeff Berzos</cl:nombre>
				<cl:email>jberzos@jamazon.com</cl:email>
				<cl:telefono>654984845</cl:telefono>
			</cl:cliente>
		</caso>
	</casos>
</ab:abogado>

