<?xml version="1.0"?>
<!--Comentario valido -->
<consumo_cursos>
	<curso>
		<anio>2019-20</anio>
		<origen>Sevilla</origen>
		<destino>Gerena</destino>
		<mensualidad>
			<mes>Septiembre</mes>
			<dias_lectivos>14</dias_lectivos>
			<consumo_iv>4,3 €</consumo_iv>
			<precio_litro>1,05 €</precio_litro>
			<total>63,21 €</total>			
		</mensualidad>
		<mensualidad>
			<mes>Octubre</mes>
			<dias_lectivos>19</dias_lectivos>
			<consumo_iv>4,3 €</consumo_iv>
			<precio_litro>1,05 €</precio_litro>
			<total>85,79 €</total>			
		</mensualidad>
	</curso>
</consumo_cursos>