<?xml version="1.0" encoding="UTF-8"?>
<?xml-stylesheet type="text/xsl" href="biblioteca6.xsl"?>
<biblioteca>
	<libro>
		<titulo>La vida está en otra parte</titulo>
		<autor>Milan Kundera</autor>
		<fechaPublicacion año="1973"/>
	</libro>
	<libro>
		<titulo>Pantaleón y las visitadoras</titulo>
		<autor fechaNacimiento="28/03/1936">Mario Vargas Llosa</autor>
		<fechaPublicacion año="1973"/>
	</libro>
	<libro>
		<titulo>Conversación en la catedral</titulo>
		<autor fechaNacimiento="28/03/1936">Mario Vargas Llosa</autor>
		<fechaPublicacion año="1969"/>
	</libro>
</biblioteca>