<?xml version="1.0" encoding="UTF-8"?>
<biblioteca>
    <obras>
	<libro>
		<titulo>La vida está en otra parte</titulo>
		<autor>Milan Kundera</autor>
		<fechaPublicacion año="1973"/>
	</libro>
	<libro>
		<titulo>Pantaleón y las visitadoras</titulo>
		<autor fechaNacimiento="28/03/1936" nacionalidad="peruana">Mario Vargas Llosa</autor>
		<fechaPublicacion año="1973"/>
	</libro>
	<libro>
		<titulo>Conversación en la catedral</titulo>
		<autor fechaNacimiento="28/03/1936">Mario Vargas Llosa</autor>
		<fechaPublicacion año="1969"/>
	</libro>
    </obras>
    <autores>
        <autor>
           <nombre>Milan Kundera</nombre>
           <numObras>39</numObras>
        </autor>
        <autor>
           <nombre fechaNacimiento="28/03/1936" nacionalidad="peruana">Mario Vargas Llosa</nombre>
           <numObras>72</numObras>
        </autor>
    </autores>
</biblioteca>