<?xml version="1.0" encoding="utf-16"?>
<root>
  <enrollments>
    <enroll>
      <name>John No Fear</name>
      <country>Spain</country>
      <course reg_num="20459" />
      <course reg_num="20450" />
      <course reg_num="10442" />
      <course reg_num="10430" />
    </enroll>
    <enroll>
      <name>Sabrina Witaker</name>
      <country>Spain</country>
      <course reg_num="20459" />
      <course reg_num="10547" />
      <course reg_num="10442" />
      <course reg_num="10430" />
    </enroll>
    <enroll>
      <name>Thomas Fersen</name>
      <country>France</country>
      <course reg_num="10439" />
      <course reg_num="20450" />
      <course reg_num="20443" />
      <course reg_num="10450" />
    </enroll>
    <enroll>
      <name>Anna Karenina</name>
      <country>Russia</country>
      <course reg_num="10583" />
      <course reg_num="20450" />
      <course reg_num="20538" />
      <course reg_num="10547" />
    </enroll>
    <enroll>
      <name>Gustav Holmes</name>
      <country>Germany</country>
      <course reg_num="10552" />
      <course reg_num="20450" />
      <course reg_num="10553" />
      <course reg_num="10546" />
    </enroll>
    <enroll>
      <name>Johnny Weismuller</name>
      <country>France</country>
      <course reg_num="10546" />
      <course reg_num="20450" />
      <course reg_num="10442" />
      <course reg_num="10547" />
    </enroll>
  </enrollments>
  <courses>
    <course>
      <reg_num>10577</reg_num>
      <subj>ANTH</subj>
      <crse>211</crse>
      <sect>F01</sect>
      <title>Introduction to Anthropology</title>
      <units>1.0</units>
      <instructor>Brightman</instructor>
      <days>M-W</days>
      <time>
        <start_time>03:10PM</start_time>
        <end_time>04:30</end_time>
      </time>
      <place>
        <building>ELIOT</building>
        <room>414</room>
      </place>
    </course>
    <course>
      <reg_num>20573</reg_num>
      <subj>ANTH</subj>
      <crse>344</crse>
      <sect>S01</sect>
      <title>Sex and Gender</title>
      <units>1.0</units>
      <instructor>Makley</instructor>
      <days>T-Th</days>
      <time>
        <start_time>10:30AM</start_time>
        <end_time>11:50</end_time>
      </time>
      <place>
        <building>VOLLUM</building>
        <room>120</room>
      </place>
    </course>
    <course>
      <reg_num>10624</reg_num>
      <subj>BIOL</subj>
      <crse>431</crse>
      <sect>F01</sect>
      <title>Field Biology of Amphibians</title>
      <units>0.5</units>
      <instructor>Kaplan</instructor>
      <days>T</days>
      <time>
        <start_time>06:10PM</start_time>
        <end_time>08:00</end_time>
      </time>
      <place>
        <building>PHYSIC</building>
        <room>240A</room>
      </place>
    </course>
    <course>
      <reg_num>10626</reg_num>
      <subj>BIOL</subj>
      <crse>431</crse>
      <sect>F03</sect>
      <title>Bacterial Pathogenesis</title>
      <units>0.5</units>
      <instructor />
      <days />
      <time>
        <start_time />
        <end_time />
      </time>
      <place>
        <building />
        <room>Mellies         RESCHEDULED TO OTHER SEMESTER</room>
      </place>
    </course>
    <course>
      <reg_num>20626</reg_num>
      <subj>BIOL</subj>
      <crse>431</crse>
      <sect>S04</sect>
      <title>Seminar in Biology</title>
      <units>0.5</units>
      <instructor>Yezerinac</instructor>
      <days>Th</days>
      <time>
        <start_time>06:10PM</start_time>
        <end_time>08:00</end_time>
      </time>
      <place>
        <building>BIOL</building>
        <room>200A</room>
      </place>
    </course>
    <course>
      <reg_num>10543</reg_num>
      <subj>CHEM</subj>
      <crse>101</crse>
      <sect>F</sect>
      <title>MolecularStructure and Properties</title>
      <units>1.0</units>
      <instructor>Geselbracht</instructor>
      <days>M-W-F</days>
      <time>
        <start_time>11:00AM</start_time>
        <end_time>11:50</end_time>
      </time>
      <place>
        <building>VOLLUM</building>
        <room>VLH</room>
      </place>
    </course>
    <course>
      <reg_num>10544</reg_num>
      <subj>CHEM</subj>
      <crse>101</crse>
      <sect>F01</sect>
      <title>MolecularStructure and Properties</title>
      <units>0.0</units>
      <instructor>Geselbracht</instructor>
      <days>M</days>
      <time>
        <start_time>01:10PM</start_time>
        <end_time>02:00</end_time>
      </time>
      <place>
        <building>CHEM</building>
        <room>301</room>
      </place>
    </course>
    <course>
      <reg_num>10545</reg_num>
      <subj>CHEM</subj>
      <crse>101</crse>
      <sect>F02</sect>
      <title>MolecularStructure and Properties</title>
      <units>0.0</units>
      <instructor>Geselbracht</instructor>
      <days>M</days>
      <time>
        <start_time>02:10PM</start_time>
        <end_time>03:00</end_time>
      </time>
      <place>
        <building>CHEM</building>
        <room>301</room>
      </place>
    </course>
    <course>
      <reg_num>10546</reg_num>
      <subj>CHEM</subj>
      <crse>101</crse>
      <sect>F03</sect>
      <title>MolecularStructure and Properties</title>
      <units>0.0</units>
      <instructor>Geselbracht</instructor>
      <days>M</days>
      <time>
        <start_time>03:10PM</start_time>
        <end_time>04:00</end_time>
      </time>
      <place>
        <building>CHEM</building>
        <room>301</room>
      </place>
    </course>
    <course>
      <reg_num>10789</reg_num>
      <subj>CHEM</subj>
      <crse>101</crse>
      <sect>F08</sect>
      <title>MolecularStructure and Properties</title>
      <units>0.0</units>
      <instructor>Geselbracht</instructor>
      <days>T</days>
      <time>
        <start_time>11:00AM</start_time>
        <end_time>11:50</end_time>
      </time>
      <place>
        <building>PHYSIC</building>
        <room>123</room>
      </place>
    </course>
    <course>
      <reg_num>10547</reg_num>
      <subj>CHEM</subj>
      <crse>101</crse>
      <sect>F04</sect>
      <title>MolecularStructure and Properties</title>
      <units>0.0</units>
      <instructor>Geselbracht</instructor>
      <days>T</days>
      <time>
        <start_time>01:10PM</start_time>
        <end_time>02:00</end_time>
      </time>
      <place>
        <building>CHEM</building>
        <room>301</room>
      </place>
    </course>
    <course>
      <reg_num>10548</reg_num>
      <subj>CHEM</subj>
      <crse>101</crse>
      <sect>F05</sect>
      <title>MolecularStructure and Properties</title>
      <units>0.0</units>
      <instructor>Geselbracht</instructor>
      <days>T</days>
      <time>
        <start_time>02:10PM</start_time>
        <end_time>03:00</end_time>
      </time>
      <place>
        <building>CHEM</building>
        <room>301</room>
      </place>
    </course>
    <course>
      <reg_num>20575</reg_num>
      <subj>ANTH</subj>
      <crse>344</crse>
      <sect>S02</sect>
      <title>Sex and Gender</title>
      <units>1.0</units>
      <instructor>Makley</instructor>
      <days>T-Th</days>
      <time>
        <start_time>01:10PM</start_time>
        <end_time>02:30</end_time>
      </time>
      <place>
        <building>VOLLUM</building>
        <room>110</room>
      </place>
    </course>
    <course>
      <reg_num>10549</reg_num>
      <subj>CHEM</subj>
      <crse>101</crse>
      <sect>F06</sect>
      <title>MolecularStructure and Properties</title>
      <units>0.0</units>
      <instructor>Geselbracht</instructor>
      <days>T</days>
      <time>
        <start_time>03:10PM</start_time>
        <end_time>04:00</end_time>
      </time>
      <place>
        <building>CHEM</building>
        <room>301</room>
      </place>
    </course>
    <course>
      <reg_num>10550</reg_num>
      <subj>CHEM</subj>
      <crse>101</crse>
      <sect>F07</sect>
      <title>MolecularStructure and Properties</title>
      <units>0.0</units>
      <instructor>Geselbracht</instructor>
      <days>T</days>
      <time>
        <start_time>04:10PM</start_time>
        <end_time>05:00</end_time>
      </time>
      <place>
        <building>CHEM</building>
        <room>301</room>
      </place>
    </course>
    <course>
      <reg_num>10551</reg_num>
      <subj>CHEM</subj>
      <crse>101</crse>
      <sect>FL1</sect>
      <title>MolecularStructure and Properties</title>
      <units>0.0</units>
      <instructor>Geselbracht</instructor>
      <days>M</days>
      <time>
        <start_time>01:10PM</start_time>
        <end_time>04:00</end_time>
      </time>
      <place>
        <building>CHEM</building>
        <room>308</room>
      </place>
    </course>
    <course>
      <reg_num>10555</reg_num>
      <subj>CHEM</subj>
      <crse>101</crse>
      <sect>FL5</sect>
      <title>MolecularStructure and Properties</title>
      <units>0.0</units>
      <instructor>Geselbracht</instructor>
      <days>T</days>
      <time>
        <start_time>09:00AM</start_time>
        <end_time>11:50</end_time>
      </time>
      <place>
        <building>CHEM</building>
        <room>308</room>
      </place>
    </course>
    <course>
      <reg_num>10552</reg_num>
      <subj>CHEM</subj>
      <crse>101</crse>
      <sect>FL2</sect>
      <title>MolecularStructure and Properties</title>
      <units>0.0</units>
      <instructor>Geselbracht</instructor>
      <days>T</days>
      <time>
        <start_time>01:10PM</start_time>
        <end_time>04:00</end_time>
      </time>
      <place>
        <building>CHEM</building>
        <room>308</room>
      </place>
    </course>
    <course>
      <reg_num>10553</reg_num>
      <subj>CHEM</subj>
      <crse>101</crse>
      <sect>FL3</sect>
      <title>MolecularStructure and Properties</title>
      <units>0.0</units>
      <instructor>Geselbracht</instructor>
      <days>W</days>
      <time>
        <start_time>01:10PM</start_time>
        <end_time>04:00</end_time>
      </time>
      <place>
        <building>CHEM</building>
        <room>308</room>
      </place>
    </course>
    <course>
      <reg_num>10557</reg_num>
      <subj>CHEM</subj>
      <crse>101</crse>
      <sect>FL7</sect>
      <title>MolecularStructure and Properties</title>
      <units>0.0</units>
      <instructor>Geselbracht</instructor>
      <days>W</days>
      <time>
        <start_time>06:10PM</start_time>
        <end_time>09:00</end_time>
      </time>
      <place>
        <building>CHEM</building>
        <room>308</room>
      </place>
    </course>
    <course>
      <reg_num>10556</reg_num>
      <subj>CHEM</subj>
      <crse>101</crse>
      <sect>FL6</sect>
      <title>MolecularStructure and Properties</title>
      <units>0.0</units>
      <instructor>Geselbracht</instructor>
      <days>Th</days>
      <time>
        <start_time>09:00AM</start_time>
        <end_time>11:50</end_time>
      </time>
      <place>
        <building>CHEM</building>
        <room>308</room>
      </place>
    </course>
    <course>
      <reg_num>10554</reg_num>
      <subj>CHEM</subj>
      <crse>101</crse>
      <sect>FL4</sect>
      <title>MolecularStructure and Properties</title>
      <units>0.0</units>
      <instructor>Geselbracht</instructor>
      <days>Th</days>
      <time>
        <start_time>01:10PM</start_time>
        <end_time>04:00</end_time>
      </time>
      <place>
        <building>CHEM</building>
        <room>308</room>
      </place>
    </course>
    <course>
      <reg_num>10558</reg_num>
      <subj>CHEM</subj>
      <crse>101</crse>
      <sect>FL8</sect>
      <title>MolecularStructure and Properties</title>
      <units>0.0</units>
      <instructor>Geselbracht</instructor>
      <days>F</days>
      <time>
        <start_time>02:10PM</start_time>
        <end_time>05:00</end_time>
      </time>
      <place>
        <building>CHEM</building>
        <room>308</room>
      </place>
    </course>
    <course>
      <reg_num>20483</reg_num>
      <subj>ANTH</subj>
      <crse>348</crse>
      <sect>S</sect>
      <title>Languages the Americas:Mayan</title>
      <units>1.0</units>
      <instructor>Haviland</instructor>
      <days>T</days>
      <time>
        <start_time>06:10PM</start_time>
        <end_time>09:00</end_time>
      </time>
      <place>
        <building>ELIOT</building>
        <room>419</room>
      </place>
    </course>
    <course>
      <reg_num>20537</reg_num>
      <subj>CHEM</subj>
      <crse>102</crse>
      <sect>S</sect>
      <title>Chemical Reactivity</title>
      <units>1.0</units>
      <instructor>Glasfeld</instructor>
      <days>M-W-F</days>
      <time>
        <start_time>11:00AM</start_time>
        <end_time>11:50</end_time>
      </time>
      <place>
        <building>VOLLUM</building>
        <room>VLH</room>
      </place>
    </course>
    <course>
      <reg_num>20538</reg_num>
      <subj>CHEM</subj>
      <crse>102</crse>
      <sect>S01</sect>
      <title>Chemical Reactivity</title>
      <units>0.0</units>
      <instructor>Glasfeld</instructor>
      <days>M</days>
      <time>
        <start_time>02:10PM</start_time>
        <end_time>03:00</end_time>
      </time>
      <place>
        <building>CHEM</building>
        <room>301</room>
      </place>
    </course>
    <course>
      <reg_num>20539</reg_num>
      <subj>CHEM</subj>
      <crse>102</crse>
      <sect>S02</sect>
      <title>Chemical Reactivity</title>
      <units>0.0</units>
      <instructor>Glasfeld</instructor>
      <days>M</days>
      <time>
        <start_time>03:10PM</start_time>
        <end_time>04:00</end_time>
      </time>
      <place>
        <building>CHEM</building>
        <room>301</room>
      </place>
    </course>
    <course>
      <reg_num>20540</reg_num>
      <subj>CHEM</subj>
      <crse>102</crse>
      <sect>S03</sect>
      <title>Chemical Reactivity</title>
      <units>0.0</units>
      <instructor>Glasfeld</instructor>
      <days>T</days>
      <time>
        <start_time>02:10PM</start_time>
        <end_time>03:00</end_time>
      </time>
      <place>
        <building>CHEM</building>
        <room>301</room>
      </place>
    </course>
    <course>
      <reg_num>20541</reg_num>
      <subj>CHEM</subj>
      <crse>102</crse>
      <sect>S04</sect>
      <title>Chemical Reactivity</title>
      <units>0.0</units>
      <instructor>Glasfeld</instructor>
      <days>T</days>
      <time>
        <start_time>03:10PM</start_time>
        <end_time>04:00</end_time>
      </time>
      <place>
        <building>CHEM</building>
        <room>301</room>
      </place>
    </course>
    <course>
      <reg_num>20542</reg_num>
      <subj>CHEM</subj>
      <crse>102</crse>
      <sect>S05</sect>
      <title>Chemical Reactivity</title>
      <units>0.0</units>
      <instructor>Glasfeld</instructor>
      <days>T</days>
      <time>
        <start_time>04:10PM</start_time>
        <end_time>05:00</end_time>
      </time>
      <place>
        <building>PHYSIC</building>
        <room>123</room>
      </place>
    </course>
    <course>
      <reg_num>20543</reg_num>
      <subj>CHEM</subj>
      <crse>102</crse>
      <sect>SL1</sect>
      <title>Chemical Reactivity</title>
      <units>0.0</units>
      <instructor>Glasfeld</instructor>
      <days>M</days>
      <time>
        <start_time>01:10PM</start_time>
        <end_time>04:00</end_time>
      </time>
      <place>
        <building>CHEM</building>
        <room>308</room>
      </place>
    </course>
    <course>
      <reg_num>20544</reg_num>
      <subj>CHEM</subj>
      <crse>102</crse>
      <sect>SL2</sect>
      <title>Chemical Reactivity</title>
      <units>0.0</units>
      <instructor>Glasfeld</instructor>
      <days>T</days>
      <time>
        <start_time>01:10PM</start_time>
        <end_time>04:00</end_time>
      </time>
      <place>
        <building>CHEM</building>
        <room>308</room>
      </place>
    </course>
    <course>
      <reg_num>20545</reg_num>
      <subj>CHEM</subj>
      <crse>102</crse>
      <sect>SL3</sect>
      <title>Chemical Reactivity</title>
      <units>0.0</units>
      <instructor>Glasfeld</instructor>
      <days>W</days>
      <time>
        <start_time>01:10PM</start_time>
        <end_time>04:00</end_time>
      </time>
      <place>
        <building>CHEM</building>
        <room>308</room>
      </place>
    </course>
    <course>
      <reg_num>10325</reg_num>
      <subj>ECON</subj>
      <crse>201</crse>
      <sect>F02</sect>
      <title>Intro to Economic Analysis</title>
      <units>1.0</units>
      <instructor>Clausing</instructor>
      <days>M-W-F</days>
      <time>
        <start_time>11:00AM</start_time>
        <end_time>11:50</end_time>
      </time>
      <place>
        <building>VOLLUM</building>
        <room>116</room>
      </place>
    </course>
    <course>
      <reg_num>10326</reg_num>
      <subj>ECON</subj>
      <crse>201</crse>
      <sect>FL1</sect>
      <title>Intro to Economic Analysis</title>
      <units>0.0</units>
      <instructor>Clausing</instructor>
      <days>Th</days>
      <time>
        <start_time>03:10PM</start_time>
        <end_time>04:00</end_time>
      </time>
      <place>
        <building>ELIOT</building>
        <room>314</room>
      </place>
    </course>
    <course>
      <reg_num>10327</reg_num>
      <subj>ECON</subj>
      <crse>201</crse>
      <sect>FL2</sect>
      <title>Intro to Economic Analysis</title>
      <units>0.0</units>
      <instructor>Clausing</instructor>
      <days>Th</days>
      <time>
        <start_time>04:10PM</start_time>
        <end_time>05:00</end_time>
      </time>
      <place>
        <building>ELIOT</building>
        <room>314</room>
      </place>
    </course>
    <course>
      <reg_num>20319</reg_num>
      <subj>ECON</subj>
      <crse>201</crse>
      <sect>S01</sect>
      <title>Intro to Economic Analysis</title>
      <units>1.0</units>
      <instructor>Netusil</instructor>
      <days>M-W-F</days>
      <time>
        <start_time>10:00AM</start_time>
        <end_time>10:50</end_time>
      </time>
      <place>
        <building>VOLLUM</building>
        <room>116</room>
      </place>
    </course>
    <course>
      <reg_num>20320</reg_num>
      <subj>ECON</subj>
      <crse>201</crse>
      <sect>S02</sect>
      <title>Intro to Economic Analysis</title>
      <units>1.0</units>
      <instructor>Netusil</instructor>
      <days>M-W-F</days>
      <time>
        <start_time>11:00AM</start_time>
        <end_time>11:50</end_time>
      </time>
      <place>
        <building>VOLLUM</building>
        <room>116</room>
      </place>
    </course>
    <course>
      <reg_num>10578</reg_num>
      <subj>ANTH</subj>
      <crse>211</crse>
      <sect>F02</sect>
      <title>Introduction to Anthropology</title>
      <units>1.0</units>
      <instructor>Makley</instructor>
      <days>T-Th</days>
      <time>
        <start_time>01:10PM</start_time>
        <end_time>02:30</end_time>
      </time>
      <place>
        <building>VOLLUM</building>
        <room>120</room>
      </place>
    </course>
    <course>
      <reg_num>10583</reg_num>
      <subj>ANTH</subj>
      <crse>378</crse>
      <sect>F</sect>
      <title>Nature, Cult  and Envirnmentalism</title>
      <units>1.0</units>
      <instructor>Brightman</instructor>
      <days>T</days>
      <time>
        <start_time>07:10PM</start_time>
        <end_time>10:00</end_time>
      </time>
      <place>
        <building>ELIOT</building>
        <room>414</room>
      </place>
    </course>
    <course>
      <reg_num>20321</reg_num>
      <subj>ECON</subj>
      <crse>201</crse>
      <sect>SL1</sect>
      <title>Intro to Economic Analysis</title>
      <units>0.0</units>
      <instructor>Netusil</instructor>
      <days>Th</days>
      <time>
        <start_time>03:10PM</start_time>
        <end_time>04:00</end_time>
      </time>
      <place>
        <building>ELIOT</building>
        <room>314</room>
      </place>
    </course>
    <course>
      <reg_num>20322</reg_num>
      <subj>ECON</subj>
      <crse>201</crse>
      <sect>SL2</sect>
      <title>Intro to Economic Analysis</title>
      <units>0.0</units>
      <instructor>Netusil</instructor>
      <days>Th</days>
      <time>
        <start_time>04:10PM</start_time>
        <end_time>05:00</end_time>
      </time>
      <place>
        <building>ELIOT</building>
        <room>314</room>
      </place>
    </course>
    <course>
      <reg_num>10584</reg_num>
      <subj>ECON</subj>
      <crse>311</crse>
      <sect>F</sect>
      <title>Survey of Econometric Methods</title>
      <units>1.0</units>
      <instructor>Netusil</instructor>
      <days>M-W-F</days>
      <time>
        <start_time>10:00AM</start_time>
        <end_time>10:50</end_time>
      </time>
      <place>
        <building>VOLLUM</building>
        <room>120</room>
      </place>
    </course>
    <course>
      <reg_num>20574</reg_num>
      <subj>ECON</subj>
      <crse>312</crse>
      <sect>S</sect>
      <title>Theory and  Practice Econometrics</title>
      <units>1.0</units>
      <instructor>Parker</instructor>
      <days>M-W-F</days>
      <time>
        <start_time>09:00AM</start_time>
        <end_time>09:50</end_time>
      </time>
      <place>
        <building>VOLLUM</building>
        <room>116</room>
      </place>
    </course>
    <course>
      <reg_num>10585</reg_num>
      <subj>ECON</subj>
      <crse>313</crse>
      <sect>F</sect>
      <title>Microeconomic Theory</title>
      <units>1.0</units>
      <instructor>Despins</instructor>
      <days>M-W-F</days>
      <time>
        <start_time>09:00AM</start_time>
        <end_time>09:50</end_time>
      </time>
      <place>
        <building>VOLLUM</building>
        <room>234</room>
      </place>
    </course>
    <course>
      <reg_num>20576</reg_num>
      <subj>ECON</subj>
      <crse>314</crse>
      <sect>S</sect>
      <title>Macroeconomic Theory</title>
      <units>1.0</units>
      <instructor>Parker</instructor>
      <days>M-W-F</days>
      <time>
        <start_time>11:00AM</start_time>
        <end_time>11:50</end_time>
      </time>
      <place>
        <building>VOLLUM</building>
        <room>120</room>
      </place>
    </course>
    <course>
      <reg_num>20580</reg_num>
      <subj>ECON</subj>
      <crse>331</crse>
      <sect>S</sect>
      <title>History of Economic Thought</title>
      <units>1.0</units>
      <instructor>Clausing</instructor>
      <days>M-W-F</days>
      <time>
        <start_time>01:10PM</start_time>
        <end_time>02:00</end_time>
      </time>
      <place>
        <building>VOLLUM</building>
        <room>134</room>
      </place>
    </course>
    <course>
      <reg_num>10587</reg_num>
      <subj>ECON</subj>
      <crse>341</crse>
      <sect>F</sect>
      <title>Monetary and Fiscal Policy</title>
      <units>1.0</units>
      <instructor>Parker</instructor>
      <days>T-Th</days>
      <time>
        <start_time>01:10PM</start_time>
        <end_time>02:30</end_time>
      </time>
      <place>
        <building>VOLLUM</building>
        <room>228</room>
      </place>
    </course>
    <course>
      <reg_num>10589</reg_num>
      <subj>ECON</subj>
      <crse>342</crse>
      <sect>F</sect>
      <title>International Macroeconomics</title>
      <units>1.0</units>
      <instructor>Clausing</instructor>
      <days>M-W-F</days>
      <time>
        <start_time>01:10PM</start_time>
        <end_time>02:00</end_time>
      </time>
      <place>
        <building>VOLLUM</building>
        <room>134</room>
      </place>
    </course>
    <course>
      <reg_num>20585</reg_num>
      <subj>ECON</subj>
      <crse>348</crse>
      <sect>S</sect>
      <title>Economics of the PublicSector</title>
      <units>1.0</units>
      <instructor>Netusil</instructor>
      <days>M-W-F</days>
      <time>
        <start_time>02:10PM</start_time>
        <end_time>03:00</end_time>
      </time>
      <place>
        <building>VOLLUM</building>
        <room>116</room>
      </place>
    </course>
    <course>
      <reg_num>10586</reg_num>
      <subj>ANTH</subj>
      <crse>392</crse>
      <sect>F01</sect>
      <title>Structuralism and Semiotics</title>
      <units>1.0</units>
      <instructor>Stasch</instructor>
      <days>T-Th</days>
      <time>
        <start_time>01:10PM</start_time>
        <end_time>02:30</end_time>
      </time>
      <place>
        <building>VOLLUM</building>
        <room>134</room>
      </place>
    </course>
    <course>
      <reg_num>10590</reg_num>
      <subj>ECON</subj>
      <crse>351</crse>
      <sect>F</sect>
      <title>Environment  and  Nat Resrce Econ</title>
      <units>1.0</units>
      <instructor>Netusil</instructor>
      <days>M-W-F</days>
      <time>
        <start_time>02:10PM</start_time>
        <end_time>03:00</end_time>
      </time>
      <place>
        <building>VOLLUM</building>
        <room>116</room>
      </place>
    </course>
    <course>
      <reg_num>10591</reg_num>
      <subj>ECON</subj>
      <crse>382</crse>
      <sect>F</sect>
      <title>Economics of Development</title>
      <units>1.0</units>
      <instructor>Despins</instructor>
      <days>M-W-F</days>
      <time>
        <start_time>11:00AM</start_time>
        <end_time>11:50</end_time>
      </time>
      <place>
        <building>VOLLUM</building>
        <room>234</room>
      </place>
    </course>
    <course>
      <reg_num>20582</reg_num>
      <subj>ECON</subj>
      <crse>383</crse>
      <sect>S</sect>
      <title>International Trade</title>
      <units>1.0</units>
      <instructor>Clausing</instructor>
      <days>M-W-F</days>
      <time>
        <start_time>10:00AM</start_time>
        <end_time>10:50</end_time>
      </time>
      <place>
        <building>VOLLUM</building>
        <room>234</room>
      </place>
    </course>
    <course>
      <reg_num>10592</reg_num>
      <subj>ECON</subj>
      <crse>401</crse>
      <sect>F</sect>
      <title>Seminar: Unemployment</title>
      <units>0.5</units>
      <instructor>Parker</instructor>
      <days>M-W-F</days>
      <time>
        <start_time>12:00PM</start_time>
        <end_time>12:50</end_time>
      </time>
      <place>
        <building>VOLLUM</building>
        <room>234</room>
      </place>
    </course>
    <course>
      <reg_num>20602</reg_num>
      <subj>ECON</subj>
      <crse>413</crse>
      <sect>S</sect>
      <title>Economics  and  Game Theory</title>
      <units>1.0</units>
      <instructor>Despins</instructor>
      <days>T-Th</days>
      <time>
        <start_time>09:00AM</start_time>
        <end_time>10:20</end_time>
      </time>
      <place>
        <building>VOLLUM</building>
        <room>234</room>
      </place>
    </course>
    <course>
      <reg_num>20592</reg_num>
      <subj>ECON</subj>
      <crse>442</crse>
      <sect>S</sect>
      <title>Econ Envirn, Intl Trade,Devel</title>
      <units>1.0</units>
      <instructor>Despins</instructor>
      <days>T-Th</days>
      <time>
        <start_time>10:30AM</start_time>
        <end_time>11:50</end_time>
      </time>
      <place>
        <building>VOLLUM</building>
        <room>234</room>
      </place>
    </course>
    <course>
      <reg_num>10597</reg_num>
      <subj>ECON</subj>
      <crse>454</crse>
      <sect>F</sect>
      <title>Economic Growth</title>
      <units>1.0</units>
      <instructor>Parker</instructor>
      <days>M-W-F</days>
      <time>
        <start_time>10:00AM</start_time>
        <end_time>10:50</end_time>
      </time>
      <place>
        <building>VOLLUM</building>
        <room>234</room>
      </place>
    </course>
    <course>
      <reg_num>10503</reg_num>
      <subj>ENG</subj>
      <crse>201</crse>
      <sect>F01</sect>
      <title>Intro Narr:Native AmericanLit</title>
      <units>1.0</units>
      <instructor>Arnold</instructor>
      <days>M-W</days>
      <time>
        <start_time>03:10PM</start_time>
        <end_time>04:30</end_time>
      </time>
      <place>
        <building>VOLLUM</building>
        <room>116</room>
      </place>
    </course>
    <course>
      <reg_num>10774</reg_num>
      <subj>ENG</subj>
      <crse>201</crse>
      <sect>F02</sect>
      <title>Intro Narr: Telling Lives</title>
      <units>1.0</units>
      <instructor>Leveen</instructor>
      <days>M-W-F</days>
      <time>
        <start_time>01:10PM</start_time>
        <end_time>02:00</end_time>
      </time>
      <place>
        <building>VOLLUM</building>
        <room>309</room>
      </place>
    </course>
    <course>
      <reg_num>20508</reg_num>
      <subj>ENG</subj>
      <crse>201</crse>
      <sect>S</sect>
      <title>Intro Narrative: The Essay</title>
      <units>1.0</units>
      <instructor>Duquette</instructor>
      <days>M-W-F</days>
      <time>
        <start_time>01:10PM</start_time>
        <end_time>02:00</end_time>
      </time>
      <place>
        <building>VOLLUM</building>
        <room>110</room>
      </place>
    </course>
    <course>
      <reg_num>10593</reg_num>
      <subj>ANTH</subj>
      <crse>392</crse>
      <sect>F02</sect>
      <title>Structuralism and Semiotics</title>
      <units>1.0</units>
      <instructor>Stasch</instructor>
      <days>T-Th</days>
      <time>
        <start_time>02:40PM</start_time>
        <end_time>04:00</end_time>
      </time>
      <place>
        <building>VOLLUM</building>
        <room>134</room>
      </place>
    </course>
    <course>
      <reg_num>10504</reg_num>
      <subj>ENG</subj>
      <crse>205</crse>
      <sect>F01</sect>
      <title>Intro Fict:Colonl and LaterNovels</title>
      <units>1.0</units>
      <instructor>Gillcrist</instructor>
      <days>T-Th</days>
      <time>
        <start_time>10:30AM</start_time>
        <end_time>11:50</end_time>
      </time>
      <place>
        <building>ELIOT</building>
        <room>416</room>
      </place>
    </course>
    <course>
      <reg_num>10505</reg_num>
      <subj>ENG</subj>
      <crse>205</crse>
      <sect>F02</sect>
      <title>Intro Fict:Portraits ofLadies</title>
      <units>1.0</units>
      <instructor>King</instructor>
      <days>T-Th</days>
      <time>
        <start_time>10:30AM</start_time>
        <end_time>11:50</end_time>
      </time>
      <place>
        <building>PSYCH</building>
        <room>108</room>
      </place>
    </course>
    <course>
      <reg_num>20509</reg_num>
      <subj>ENG</subj>
      <crse>205</crse>
      <sect>S</sect>
      <title>Intro Fict: The Short Story</title>
      <units>1.0</units>
      <instructor>Baker</instructor>
      <days>M-W-F</days>
      <time>
        <start_time>01:10PM</start_time>
        <end_time>02:00</end_time>
      </time>
      <place>
        <building>VOLLUM</building>
        <room>120</room>
      </place>
    </course>
    <course>
      <reg_num>10588</reg_num>
      <subj>LING</subj>
      <crse>392</crse>
      <sect>F01</sect>
      <title>Structuralism and Semiotics</title>
      <units>1.0</units>
      <instructor>Stasch</instructor>
      <days>T-Th</days>
      <time>
        <start_time>01:10PM</start_time>
        <end_time>02:30</end_time>
      </time>
      <place>
        <building>VOLLUM</building>
        <room>134</room>
      </place>
    </course>
    <course>
      <reg_num>10598</reg_num>
      <subj>LING</subj>
      <crse>392</crse>
      <sect>F02</sect>
      <title>Structuralism and Semiotics</title>
      <units>1.0</units>
      <instructor>Stasch</instructor>
      <days>T-Th</days>
      <time>
        <start_time>02:40PM</start_time>
        <end_time>04:00</end_time>
      </time>
      <place>
        <building>VOLLUM</building>
        <room>134</room>
      </place>
    </course>
    <course>
      <reg_num>10747</reg_num>
      <subj>LING</subj>
      <crse>393</crse>
      <sect>F</sect>
      <title>Psycholinguistics</title>
      <units>1.0</units>
      <instructor>Canseco-Gonzale</instructor>
      <days>M-W-F</days>
      <time>
        <start_time>10:00AM</start_time>
        <end_time>10:50</end_time>
      </time>
      <place>
        <building>PSYCH</building>
        <room>108</room>
      </place>
    </course>
    <course>
      <reg_num>10747</reg_num>
      <subj>LING</subj>
      <crse>393</crse>
      <sect>F</sect>
      <title>Psycholinguistics</title>
      <units>1.0</units>
      <instructor>Canseco-Gonzale</instructor>
      <days>W</days>
      <time>
        <start_time>04:40PM</start_time>
        <end_time>06:00</end_time>
      </time>
      <place>
        <building>PSYCH</building>
        <room>108</room>
      </place>
    </course>
    <course>
      <reg_num>20652</reg_num>
      <subj>LING</subj>
      <crse>396</crse>
      <sect>S</sect>
      <title>Psych of Language Acquisition</title>
      <units>1.0</units>
      <instructor>Canseco-Gonzale</instructor>
      <days>T-Th</days>
      <time>
        <start_time>02:40PM</start_time>
        <end_time>04:00</end_time>
      </time>
      <place>
        <building>PSYCH</building>
        <room>108</room>
      </place>
    </course>
    <course>
      <reg_num>10538</reg_num>
      <subj>LIT</subj>
      <crse>266</crse>
      <sect>F</sect>
      <title>Russian Short Fiction</title>
      <units>1.0</units>
      <instructor>Lencek</instructor>
      <days>T-Th</days>
      <time>
        <start_time>01:10PM</start_time>
        <end_time>02:30</end_time>
      </time>
      <place>
        <building>VOLLUM</building>
        <room>126</room>
      </place>
    </course>
    <course>
      <reg_num>10757</reg_num>
      <subj>LIT</subj>
      <crse>320</crse>
      <sect>F</sect>
      <title>20-Cent Chin Fiction, 1919-49</title>
      <units>1.0</units>
      <instructor>Wu</instructor>
      <days>T-Th</days>
      <time>
        <start_time>02:40PM</start_time>
        <end_time>04:00</end_time>
      </time>
      <place>
        <building>ELIOT</building>
        <room>121</room>
      </place>
    </course>
    <course>
      <reg_num>20498</reg_num>
      <subj>LIT</subj>
      <crse>321</crse>
      <sect>S</sect>
      <title>Modernism: Berlin</title>
      <units>1.0</units>
      <instructor>Gokberk</instructor>
      <days>M-W</days>
      <time>
        <start_time>03:10PM</start_time>
        <end_time>04:30</end_time>
      </time>
      <place>
        <building>VOLLUM</building>
        <room>116</room>
      </place>
    </course>
    <course>
      <reg_num>10756</reg_num>
      <subj>LIT</subj>
      <crse>326</crse>
      <sect>F</sect>
      <title>Chinese Narrative Tradition</title>
      <units>1.0</units>
      <instructor>Rhew</instructor>
      <days>M-W</days>
      <time>
        <start_time>03:10PM</start_time>
        <end_time>04:30</end_time>
      </time>
      <place>
        <building>ELIOT</building>
        <room>121</room>
      </place>
    </course>
    <course>
      <reg_num>20682</reg_num>
      <subj>ART</subj>
      <crse>316</crse>
      <sect>S</sect>
      <title>Medieval Manuscript Illumin</title>
      <units>1.0</units>
      <instructor>Diebold</instructor>
      <days>T-Th</days>
      <time>
        <start_time>02:40PM</start_time>
        <end_time>04:00</end_time>
      </time>
      <place>
        <building>LIB</building>
        <room>41</room>
      </place>
    </course>
    <course>
      <reg_num>20657</reg_num>
      <subj>LIT</subj>
      <crse>334</crse>
      <sect>S</sect>
      <title>Yijing: Text and Tradition</title>
      <units>1.0</units>
      <instructor>Rhew</instructor>
      <days>M-W</days>
      <time>
        <start_time>03:10PM</start_time>
        <end_time>04:30</end_time>
      </time>
      <place>
        <building>ELIOT</building>
        <room>121</room>
      </place>
    </course>
    <course>
      <reg_num>10502</reg_num>
      <subj>LIT</subj>
      <crse>341</crse>
      <sect>F</sect>
      <title>Modern German Theatre</title>
      <units>1.0</units>
      <instructor>Rudolf</instructor>
      <days>M-W</days>
      <time>
        <start_time>03:10PM</start_time>
        <end_time>04:30</end_time>
      </time>
      <place>
        <building>ELIOT</building>
        <room>419</room>
      </place>
    </course>
    <course>
      <reg_num>20665</reg_num>
      <subj>LIT</subj>
      <crse>343</crse>
      <sect>S</sect>
      <title>20-Century Chinese Poetry</title>
      <units>1.0</units>
      <instructor>Wu</instructor>
      <days>T-Th</days>
      <time>
        <start_time>02:40PM</start_time>
        <end_time>04:00</end_time>
      </time>
      <place>
        <building>ELIOT</building>
        <room>121</room>
      </place>
    </course>
    <course>
      <reg_num>20487</reg_num>
      <subj>LIT</subj>
      <crse>363</crse>
      <sect>S</sect>
      <title>Greek Tragedy</title>
      <units>1.0</units>
      <instructor>Englert</instructor>
      <days>M-W-F</days>
      <time>
        <start_time>12:00PM</start_time>
        <end_time>12:50</end_time>
      </time>
      <place>
        <building>VOLLUM</building>
        <room>126</room>
      </place>
    </course>
    <course>
      <reg_num>20531</reg_num>
      <subj>LIT</subj>
      <crse>373</crse>
      <sect>S</sect>
      <title>Russian Lit:Chekhov toPresent</title>
      <units>1.0</units>
      <instructor>Bershtein</instructor>
      <days>T-Th</days>
      <time>
        <start_time>02:40PM</start_time>
        <end_time>04:00</end_time>
      </time>
      <place>
        <building>VOLLUM</building>
        <room>126</room>
      </place>
    </course>
    <course>
      <reg_num>10540</reg_num>
      <subj>LIT</subj>
      <crse>379</crse>
      <sect>F</sect>
      <title>The Myth of St. Petersburg</title>
      <units>1.0</units>
      <instructor>Bershtein</instructor>
      <days>T-Th</days>
      <time>
        <start_time>02:40PM</start_time>
        <end_time>04:00</end_time>
      </time>
      <place>
        <building>PSYCH</building>
        <room>103</room>
      </place>
    </course>
    <course>
      <reg_num>10500</reg_num>
      <subj>LIT</subj>
      <crse>391</crse>
      <sect>F</sect>
      <title>German Thought Postmod Era</title>
      <units>1.0</units>
      <instructor>Irmscher</instructor>
      <days>T-Th</days>
      <time>
        <start_time>02:40PM</start_time>
        <end_time>04:00</end_time>
      </time>
      <place>
        <building>ELIOT</building>
        <room>414</room>
      </place>
    </course>
    <course>
      <reg_num>20501</reg_num>
      <subj>LIT</subj>
      <crse>392</crse>
      <sect>S</sect>
      <title>German Theory II: Body Media</title>
      <units>1.0</units>
      <instructor>Mieszkowski</instructor>
      <days>W</days>
      <time>
        <start_time>06:10PM</start_time>
        <end_time>09:00</end_time>
      </time>
      <place>
        <building>ELIOT</building>
        <room>414</room>
      </place>
    </course>
    <course>
      <reg_num>20536</reg_num>
      <subj>LIT</subj>
      <crse>404</crse>
      <sect>S</sect>
      <title>Russian Lit:Gogol  and Dostoevsky</title>
      <units>1.0</units>
      <instructor>Lencek</instructor>
      <days>T-Th</days>
      <time>
        <start_time>09:00AM</start_time>
        <end_time>10:20</end_time>
      </time>
      <place>
        <building>VOLLUM</building>
        <room>118</room>
      </place>
    </course>
    <course>
      <reg_num>20533</reg_num>
      <subj>LIT</subj>
      <crse>408</crse>
      <sect>S</sect>
      <title>Russ Decadent/SymbolistCultur</title>
      <units>1.0</units>
      <instructor>Bershtein</instructor>
      <days>M-W</days>
      <time>
        <start_time>03:10PM</start_time>
        <end_time>04:30</end_time>
      </time>
      <place>
        <building>VOLLUM</building>
        <room>302</room>
      </place>
    </course>
    <course>
      <reg_num>10455</reg_num>
      <subj>ART</subj>
      <crse>333</crse>
      <sect>F</sect>
      <title>Divine Comedy  and Visualizations</title>
      <units>1.0</units>
      <instructor>David</instructor>
      <days>T-Th</days>
      <time>
        <start_time>01:10PM</start_time>
        <end_time>02:30</end_time>
      </time>
      <place>
        <building>LIB</building>
        <room>41</room>
      </place>
    </course>
    <course>
      <reg_num>10542</reg_num>
      <subj>LIT</subj>
      <crse>413</crse>
      <sect>F</sect>
      <title>20th C Russian CriticalTheory</title>
      <units>1.0</units>
      <instructor>Lencek</instructor>
      <days>T-Th</days>
      <time>
        <start_time>09:00AM</start_time>
        <end_time>10:20</end_time>
      </time>
      <place>
        <building>VOLLUM</building>
        <room>126</room>
      </place>
    </course>
    <course>
      <reg_num>10430</reg_num>
      <subj>MATH</subj>
      <crse>111</crse>
      <sect>F01</sect>
      <title>Calculus I</title>
      <units>1.0</units>
      <instructor>Mayer</instructor>
      <days>M-T-W-F</days>
      <time>
        <start_time>08:00AM</start_time>
        <end_time>08:50</end_time>
      </time>
      <place>
        <building>LIB</building>
        <room>204</room>
      </place>
    </course>
    <course>
      <reg_num>10431</reg_num>
      <subj>MATH</subj>
      <crse>111</crse>
      <sect>F02</sect>
      <title>Calculus I</title>
      <units>1.0</units>
      <instructor>Shurman</instructor>
      <days>M-T-W-F</days>
      <time>
        <start_time>11:00AM</start_time>
        <end_time>11:50</end_time>
      </time>
      <place>
        <building>LIB</building>
        <room>204</room>
      </place>
    </course>
    <course>
      <reg_num>10432</reg_num>
      <subj>MATH</subj>
      <crse>111</crse>
      <sect>F03</sect>
      <title>Calculus I</title>
      <units>1.0</units>
      <instructor>Mayer</instructor>
      <days>M-T-W-F</days>
      <time>
        <start_time>12:00PM</start_time>
        <end_time>12:50</end_time>
      </time>
      <place>
        <building>ELIOT</building>
        <room>200</room>
      </place>
    </course>
    <course>
      <reg_num>10433</reg_num>
      <subj>MATH</subj>
      <crse>111</crse>
      <sect>F04</sect>
      <title>Calculus I</title>
      <units>1.0</units>
      <instructor>Potluri</instructor>
      <days>M-T-W-F</days>
      <time>
        <start_time>12:00PM</start_time>
        <end_time>12:50</end_time>
      </time>
      <place>
        <building>PSYCH</building>
        <room>102</room>
      </place>
    </course>
    <course>
      <reg_num>10434</reg_num>
      <subj>MATH</subj>
      <crse>111</crse>
      <sect>F05</sect>
      <title>Calculus I</title>
      <units>1.0</units>
      <instructor>Shurman</instructor>
      <days>M-T-W-F</days>
      <time>
        <start_time>01:10PM</start_time>
        <end_time>02:00</end_time>
      </time>
      <place>
        <building>ELIOT</building>
        <room>207</room>
      </place>
    </course>
    <course>
      <reg_num>10435</reg_num>
      <subj>MATH</subj>
      <crse>111</crse>
      <sect>F06</sect>
      <title>Calculus I</title>
      <units>1.0</units>
      <instructor>Potluri</instructor>
      <days>M-T-W-F</days>
      <time>
        <start_time>02:10PM</start_time>
        <end_time>03:00</end_time>
      </time>
      <place>
        <building>PSYCH</building>
        <room>102</room>
      </place>
    </course>
    <course>
      <reg_num>20442</reg_num>
      <subj>MATH</subj>
      <crse>111</crse>
      <sect>S01</sect>
      <title>Calculus I</title>
      <units>1.0</units>
      <instructor>Potluri</instructor>
      <days>M-T-W-F</days>
      <time>
        <start_time>11:00AM</start_time>
        <end_time>11:50</end_time>
      </time>
      <place>
        <building>PSYCH</building>
        <room>102</room>
      </place>
    </course>
    <course>
      <reg_num>20443</reg_num>
      <subj>MATH</subj>
      <crse>111</crse>
      <sect>S02</sect>
      <title>Calculus I</title>
      <units>1.0</units>
      <instructor>Potluri</instructor>
      <days>M-T-W-F</days>
      <time>
        <start_time>12:00PM</start_time>
        <end_time>12:50</end_time>
      </time>
      <place>
        <building>PSYCH</building>
        <room>102</room>
      </place>
    </course>
    <course>
      <reg_num>20444</reg_num>
      <subj>MATH</subj>
      <crse>112</crse>
      <sect>S01</sect>
      <title>Calculus II</title>
      <units>1.0</units>
      <instructor>Mayer</instructor>
      <days>M-T-W-F</days>
      <time>
        <start_time>08:00AM</start_time>
        <end_time>08:50</end_time>
      </time>
      <place>
        <building>LIB</building>
        <room>204</room>
      </place>
    </course>
    <course>
      <reg_num>20680</reg_num>
      <subj>ART</subj>
      <crse>343</crse>
      <sect>S</sect>
      <title>Art and Politics in France</title>
      <units>1.0</units>
      <instructor>Hendrickson</instructor>
      <days>T-Th</days>
      <time>
        <start_time>09:00AM</start_time>
        <end_time>10:20</end_time>
      </time>
      <place>
        <building>LIB</building>
        <room>41</room>
      </place>
    </course>
    <course>
      <reg_num>20445</reg_num>
      <subj>MATH</subj>
      <crse>112</crse>
      <sect>S02</sect>
      <title>Calculus II</title>
      <units>1.0</units>
      <instructor>Perkinson</instructor>
      <days>M-T-W-F</days>
      <time>
        <start_time>11:00AM</start_time>
        <end_time>11:50</end_time>
      </time>
      <place>
        <building>LIB</building>
        <room>204</room>
      </place>
    </course>
    <course>
      <reg_num>20446</reg_num>
      <subj>MATH</subj>
      <crse>112</crse>
      <sect>S03</sect>
      <title>Calculus II</title>
      <units>1.0</units>
      <instructor>Jones</instructor>
      <days>M-T-W-F</days>
      <time>
        <start_time>12:00PM</start_time>
        <end_time>12:50</end_time>
      </time>
      <place>
        <building>ELIOT</building>
        <room>200</room>
      </place>
    </course>
    <course>
      <reg_num>20447</reg_num>
      <subj>MATH</subj>
      <crse>112</crse>
      <sect>S04</sect>
      <title>Calculus II</title>
      <units>1.0</units>
      <instructor>Wieting</instructor>
      <days>M-T-W-F</days>
      <time>
        <start_time>12:00PM</start_time>
        <end_time>12:50</end_time>
      </time>
      <place>
        <building>LIB</building>
        <room>204</room>
      </place>
    </course>
    <course>
      <reg_num>20448</reg_num>
      <subj>MATH</subj>
      <crse>112</crse>
      <sect>S05</sect>
      <title>Calculus II</title>
      <units>1.0</units>
      <instructor>Perkinson</instructor>
      <days>M-T-W-F</days>
      <time>
        <start_time>01:10PM</start_time>
        <end_time>02:00</end_time>
      </time>
      <place>
        <building>ELIOT</building>
        <room>207</room>
      </place>
    </course>
    <course>
      <reg_num>20449</reg_num>
      <subj>MATH</subj>
      <crse>112</crse>
      <sect>S06</sect>
      <title>Calculus II</title>
      <units>1.0</units>
      <instructor>Bernhard</instructor>
      <days>M-T-W-F</days>
      <time>
        <start_time>02:10PM</start_time>
        <end_time>03:00</end_time>
      </time>
      <place>
        <building>ELIOT</building>
        <room>200</room>
      </place>
    </course>
    <course>
      <reg_num>10436</reg_num>
      <subj>MATH</subj>
      <crse>121</crse>
      <sect>F01</sect>
      <title>Introduction to Computing</title>
      <units>1.0</units>
      <instructor>Fix</instructor>
      <days>M-W-F</days>
      <time>
        <start_time>11:00AM</start_time>
        <end_time>11:50</end_time>
      </time>
      <place>
        <building>PHYSIC</building>
        <room>123</room>
      </place>
    </course>
    <course>
      <reg_num>10436</reg_num>
      <subj>MATH</subj>
      <crse>121</crse>
      <sect>F01</sect>
      <title>Introduction to Computing</title>
      <units>1.0</units>
      <instructor>Fix</instructor>
      <days>Th</days>
      <time>
        <start_time>11:00AM</start_time>
        <end_time>11:50</end_time>
      </time>
      <place>
        <building>LIB</building>
        <room>18</room>
      </place>
    </course>
    <course>
      <reg_num>10437</reg_num>
      <subj>MATH</subj>
      <crse>121</crse>
      <sect>F02</sect>
      <title>Introduction to Computing</title>
      <units>1.0</units>
      <instructor>Fix</instructor>
      <days>M-W-F</days>
      <time>
        <start_time>01:10PM</start_time>
        <end_time>02:00</end_time>
      </time>
      <place>
        <building>PHYSIC</building>
        <room>123</room>
      </place>
    </course>
    <course>
      <reg_num>10437</reg_num>
      <subj>MATH</subj>
      <crse>121</crse>
      <sect>F02</sect>
      <title>Introduction to Computing</title>
      <units>1.0</units>
      <instructor>Fix</instructor>
      <days>Th</days>
      <time>
        <start_time>01:10PM</start_time>
        <end_time>02:00</end_time>
      </time>
      <place>
        <building>LIB</building>
        <room>18</room>
      </place>
    </course>
    <course>
      <reg_num>20450</reg_num>
      <subj>MATH</subj>
      <crse>132</crse>
      <sect>S</sect>
      <title>Introduction to Combinatorics</title>
      <units>1.0</units>
      <instructor>Shurman</instructor>
      <days>M-W-F</days>
      <time>
        <start_time>10:00AM</start_time>
        <end_time>10:50</end_time>
      </time>
      <place>
        <building>ELIOT</building>
        <room>207</room>
      </place>
    </course>
    <course>
      <reg_num>20681</reg_num>
      <subj>ART</subj>
      <crse>344</crse>
      <sect>S</sect>
      <title>Pol Hist of Art Between Wars</title>
      <units>1.0</units>
      <instructor>van Dyke</instructor>
      <days>M-W-F</days>
      <time>
        <start_time>01:10PM</start_time>
        <end_time>02:00</end_time>
      </time>
      <place>
        <building>LIB</building>
        <room>41</room>
      </place>
    </course>
    <course>
      <reg_num>10438</reg_num>
      <subj>MATH</subj>
      <crse>141</crse>
      <sect>F01</sect>
      <title>Intro to Probability  and Statist</title>
      <units>1.0</units>
      <instructor>Jones</instructor>
      <days>M-W-F</days>
      <time>
        <start_time>11:00AM</start_time>
        <end_time>11:50</end_time>
      </time>
      <place>
        <building>PHYSIC</building>
        <room>240A</room>
      </place>
    </course>
    <course>
      <reg_num>10439</reg_num>
      <subj>MATH</subj>
      <crse>141</crse>
      <sect>F02</sect>
      <title>Intro to Probability  and Statist</title>
      <units>1.0</units>
      <instructor>Jones</instructor>
      <days>M-W-F</days>
      <time>
        <start_time>01:10PM</start_time>
        <end_time>02:00</end_time>
      </time>
      <place>
        <building>PHYSIC</building>
        <room>240A</room>
      </place>
    </course>
    <course>
      <reg_num>10440</reg_num>
      <subj>MATH</subj>
      <crse>141</crse>
      <sect>FL1</sect>
      <title>Intro to Probability  and Statist</title>
      <units>0.0</units>
      <instructor>Jones</instructor>
      <days>T</days>
      <time>
        <start_time>09:00AM</start_time>
        <end_time>09:50</end_time>
      </time>
      <place>
        <building>LIB</building>
        <room>18</room>
      </place>
    </course>
    <course>
      <reg_num>10441</reg_num>
      <subj>MATH</subj>
      <crse>141</crse>
      <sect>FL2</sect>
      <title>Intro to Probability  and Statist</title>
      <units>0.0</units>
      <instructor>Jones</instructor>
      <days>T</days>
      <time>
        <start_time>11:00AM</start_time>
        <end_time>11:50</end_time>
      </time>
      <place>
        <building>LIB</building>
        <room>18</room>
      </place>
    </course>
    <course>
      <reg_num>10442</reg_num>
      <subj>MATH</subj>
      <crse>141</crse>
      <sect>FL3</sect>
      <title>Intro to Probability and Statist</title>
      <units>0.0</units>
      <instructor>Jones</instructor>
      <days>T</days>
      <time>
        <start_time>01:10PM</start_time>
        <end_time>02:00</end_time>
      </time>
      <place>
        <building>LIB</building>
        <room>18</room>
      </place>
    </course>
    <course>
      <reg_num>10443</reg_num>
      <subj>MATH</subj>
      <crse>211</crse>
      <sect>F01</sect>
      <title>Introduction to Analysis I</title>
      <units>1.0</units>
      <instructor>Perkinson</instructor>
      <days>M-T-W-F</days>
      <time>
        <start_time>09:00AM</start_time>
        <end_time>09:50</end_time>
      </time>
      <place>
        <building>ELIOT</building>
        <room>200</room>
      </place>
    </course>
    <course>
      <reg_num>10444</reg_num>
      <subj>MATH</subj>
      <crse>211</crse>
      <sect>F02</sect>
      <title>Introduction to Analysis I</title>
      <units>1.0</units>
      <instructor>Wieting</instructor>
      <days>M-T-W-F</days>
      <time>
        <start_time>11:00AM</start_time>
        <end_time>11:50</end_time>
      </time>
      <place>
        <building>ELIOT</building>
        <room>200</room>
      </place>
    </course>
    <course>
      <reg_num>10445</reg_num>
      <subj>MATH</subj>
      <crse>211</crse>
      <sect>F03</sect>
      <title>Introduction to Analysis I</title>
      <units>1.0</units>
      <instructor>Bernhard</instructor>
      <days>M-T-W-F</days>
      <time>
        <start_time>12:00PM</start_time>
        <end_time>12:50</end_time>
      </time>
      <place>
        <building>LIB</building>
        <room>204</room>
      </place>
    </course>
    <course>
      <reg_num>20451</reg_num>
      <subj>MATH</subj>
      <crse>212</crse>
      <sect>S01</sect>
      <title>Introduction to Analysis II</title>
      <units>1.0</units>
      <instructor>Wieting</instructor>
      <days>M-T-W-F</days>
      <time>
        <start_time>09:00AM</start_time>
        <end_time>09:50</end_time>
      </time>
      <place>
        <building>ELIOT</building>
        <room>207</room>
      </place>
    </course>
    <course>
      <reg_num>20452</reg_num>
      <subj>MATH</subj>
      <crse>212</crse>
      <sect>S02</sect>
      <title>Introduction to Analysis II</title>
      <units>1.0</units>
      <instructor>Bernhard</instructor>
      <days>M-T-W-F</days>
      <time>
        <start_time>12:00PM</start_time>
        <end_time>12:50</end_time>
      </time>
      <place>
        <building>PHYSIC</building>
        <room>240A</room>
      </place>
    </course>
    <course>
      <reg_num>10580</reg_num>
      <subj>ANTH</subj>
      <crse>211</crse>
      <sect>F04</sect>
      <title>Introduction to Anthropology</title>
      <units>1.0</units>
      <instructor>Silverstein</instructor>
      <days>T-Th</days>
      <time>
        <start_time>01:10PM</start_time>
        <end_time>02:30</end_time>
      </time>
      <place>
        <building>ELIOT</building>
        <room>414</room>
      </place>
    </course>
    <course>
      <reg_num>10777</reg_num>
      <subj>ART</subj>
      <crse>348</crse>
      <sect>F</sect>
      <title>Art  and  Pol in Weimar Republic</title>
      <units>1.0</units>
      <instructor>van Dyke</instructor>
      <days>M-W</days>
      <time>
        <start_time>03:10PM</start_time>
        <end_time>04:30</end_time>
      </time>
      <place>
        <building>LIB</building>
        <room>41</room>
      </place>
    </course>
    <course>
      <reg_num>20453</reg_num>
      <subj>MATH</subj>
      <crse>311</crse>
      <sect>S</sect>
      <title>Complex Analysis</title>
      <units>1.0</units>
      <instructor>Perkinson</instructor>
      <days>M-T-W-F</days>
      <time>
        <start_time>10:00AM</start_time>
        <end_time>10:50</end_time>
      </time>
      <place>
        <building>LIB</building>
        <room>204</room>
      </place>
    </course>
    <course>
      <reg_num>10446</reg_num>
      <subj>MATH</subj>
      <crse>321</crse>
      <sect>F</sect>
      <title>Advanced Calculus</title>
      <units>1.0</units>
      <instructor>Shurman</instructor>
      <days>M-T-W-F</days>
      <time>
        <start_time>10:00AM</start_time>
        <end_time>10:50</end_time>
      </time>
      <place>
        <building>LIB</building>
        <room>204</room>
      </place>
    </course>
    <course>
      <reg_num>10447</reg_num>
      <subj>MATH</subj>
      <crse>331</crse>
      <sect>F01</sect>
      <title>Linear Algebra</title>
      <units>1.0</units>
      <instructor>Mayer</instructor>
      <days>M-T-W-F</days>
      <time>
        <start_time>09:00AM</start_time>
        <end_time>09:50</end_time>
      </time>
      <place>
        <building>ELIOT</building>
        <room>216</room>
      </place>
    </course>
    <course>
      <reg_num>10448</reg_num>
      <subj>MATH</subj>
      <crse>331</crse>
      <sect>F02</sect>
      <title>Linear Algebra</title>
      <units>1.0</units>
      <instructor>Potluri</instructor>
      <days>M-T-W-F</days>
      <time>
        <start_time>11:00AM</start_time>
        <end_time>11:50</end_time>
      </time>
      <place>
        <building>PSYCH</building>
        <room>102</room>
      </place>
    </course>
    <course>
      <reg_num>20454</reg_num>
      <subj>MATH</subj>
      <crse>331</crse>
      <sect>S</sect>
      <title>Linear Algebra</title>
      <units>1.0</units>
      <instructor>Jones</instructor>
      <days>M-T-W-F</days>
      <time>
        <start_time>11:00AM</start_time>
        <end_time>11:50</end_time>
      </time>
      <place>
        <building>ELIOT</building>
        <room>216</room>
      </place>
    </course>
    <course>
      <reg_num>20455</reg_num>
      <subj>MATH</subj>
      <crse>332</crse>
      <sect>S</sect>
      <title>Abstract Algebra</title>
      <units>1.0</units>
      <instructor>Bernhard</instructor>
      <days>M-T-W-F</days>
      <time>
        <start_time>11:00AM</start_time>
        <end_time>11:50</end_time>
      </time>
      <place>
        <building>ELIOT</building>
        <room>200</room>
      </place>
    </course>
    <course>
      <reg_num>20456</reg_num>
      <subj>MATH</subj>
      <crse>341</crse>
      <sect>S</sect>
      <title>Geometry</title>
      <units>1.0</units>
      <instructor>Wieting</instructor>
      <days>M-W-F</days>
      <time>
        <start_time>02:10PM</start_time>
        <end_time>03:00</end_time>
      </time>
      <place>
        <building>LIB</building>
        <room>204</room>
      </place>
    </course>
    <course>
      <reg_num>10449</reg_num>
      <subj>MATH</subj>
      <crse>372</crse>
      <sect>F</sect>
      <title>Combinatorics</title>
      <units>1.0</units>
      <instructor>Perkinson</instructor>
      <days>M-W-F</days>
      <time>
        <start_time>01:10PM</start_time>
        <end_time>02:00</end_time>
      </time>
      <place>
        <building>ELIOT</building>
        <room>216</room>
      </place>
    </course>
    <course>
      <reg_num>20457</reg_num>
      <subj>MATH</subj>
      <crse>382</crse>
      <sect>S</sect>
      <title>Data Structure  and  Algorithm</title>
      <units>1.0</units>
      <instructor>Fix</instructor>
      <days>M-W-F</days>
      <time>
        <start_time>09:00AM</start_time>
        <end_time>09:50</end_time>
      </time>
      <place>
        <building>PHYSIC</building>
        <room>123</room>
      </place>
    </course>
    <course>
      <reg_num>20643</reg_num>
      <subj>MATH</subj>
      <crse>385</crse>
      <sect>S</sect>
      <title>Computer Graphics</title>
      <units>1.0</units>
      <instructor>Fix</instructor>
      <days>M-W-F</days>
      <time>
        <start_time>01:10PM</start_time>
        <end_time>02:00</end_time>
      </time>
      <place>
        <building>PHYSIC</building>
        <room>123</room>
      </place>
    </course>
    <course>
      <reg_num>20679</reg_num>
      <subj>ART</subj>
      <crse>349</crse>
      <sect>S</sect>
      <title>New West in Amer Photography</title>
      <units>0.5</units>
      <instructor>Fillin-Yeh</instructor>
      <days>F</days>
      <time>
        <start_time>03:10PM</start_time>
        <end_time>04:30</end_time>
      </time>
      <place>
        <building>LIB</building>
        <room>41</room>
      </place>
    </course>
    <course>
      <reg_num>10450</reg_num>
      <subj>MATH</subj>
      <crse>391</crse>
      <sect>F</sect>
      <title>Probability</title>
      <units>1.0</units>
      <instructor>Wieting</instructor>
      <days>M-W-F</days>
      <time>
        <start_time>09:00AM</start_time>
        <end_time>09:50</end_time>
      </time>
      <place>
        <building>LIB</building>
        <room>204</room>
      </place>
    </course>
    <course>
      <reg_num>20458</reg_num>
      <subj>MATH</subj>
      <crse>412</crse>
      <sect>S</sect>
      <title>Topics in Advanced AnalysisII</title>
      <units>1.0</units>
      <instructor>Mayer</instructor>
      <days>M-W-F</days>
      <time>
        <start_time>03:10PM</start_time>
        <end_time>04:00</end_time>
      </time>
      <place>
        <building>LIB</building>
        <room>204</room>
      </place>
    </course>
    <course>
      <reg_num>20459</reg_num>
      <subj>MATH</subj>
      <crse>421</crse>
      <sect>S</sect>
      <title>Elemetary Number Theory</title>
      <units>1.0</units>
      <instructor>Shurman</instructor>
      <days>M-W-F</days>
      <time>
        <start_time>12:00PM</start_time>
        <end_time>12:50</end_time>
      </time>
      <place>
        <building>PHYSIC</building>
        <room>122</room>
      </place>
    </course>
    <course>
      <reg_num>10451</reg_num>
      <subj>MATH</subj>
      <crse>431</crse>
      <sect>F</sect>
      <title>Algebraic Structures</title>
      <units>1.0</units>
      <instructor>Bernhard</instructor>
      <days>M-W-F</days>
      <time>
        <start_time>03:10PM</start_time>
        <end_time>04:00</end_time>
      </time>
      <place>
        <building>LIB</building>
        <room>204</room>
      </place>
    </course>
    <course>
      <reg_num>10452</reg_num>
      <subj>MATH</subj>
      <crse>441</crse>
      <sect>F</sect>
      <title>Topics In Computer Theory</title>
      <units>1.0</units>
      <instructor>Fix</instructor>
      <days>M-W-F</days>
      <time>
        <start_time>02:10PM</start_time>
        <end_time>03:00</end_time>
      </time>
      <place>
        <building>LIB</building>
        <room>204</room>
      </place>
    </course>
    <course>
      <reg_num>10329</reg_num>
      <subj>MUS</subj>
      <crse>103</crse>
      <sect>F</sect>
      <title>Chamber Orchestra</title>
      <units>0.5</units>
      <instructor>Schiff</instructor>
      <days>M</days>
      <time>
        <start_time>06:10PM</start_time>
        <end_time>07:30</end_time>
      </time>
      <place>
        <building>KAUL</building>
        <room />
      </place>
    </course>
    <course>
      <reg_num>20324</reg_num>
      <subj>MUS</subj>
      <crse>103</crse>
      <sect>S</sect>
      <title>Chamber Orchestra</title>
      <units>0.5</units>
      <instructor>Schiff</instructor>
      <days>M</days>
      <time>
        <start_time>06:10PM</start_time>
        <end_time>07:30</end_time>
      </time>
      <place>
        <building>KAUL</building>
        <room />
      </place>
    </course>
    <course>
      <reg_num>10321</reg_num>
      <subj>MUS</subj>
      <crse>105</crse>
      <sect>F</sect>
      <title>Chorus</title>
      <units>0.5</units>
      <instructor>Hancock</instructor>
      <days>T</days>
      <time>
        <start_time>04:40PM</start_time>
        <end_time>06:00</end_time>
      </time>
      <place>
        <building>ELIOT</building>
        <room>314</room>
      </place>
    </course>
  </courses>
</root>