<?xml version="1.0" encoding="utf-8"?>
<root>
	<country id='f0_344' name='Portugal' capital='f0_1589' population='9865114' datacode='PO' total_area='92080' population_growth='0.02' infant_mortality='7.6' gdp_agri='6' gdp_total='116200' inflation='4.6' indep_date='01 01 1140' government='republic' gdp_ind='35.8' gdp_serv='58.2' car_code='P'>
		<name>
			Portugal
		</name>
	</country>
	<country id='f0_227' name='Gibraltar' capital='f0_1520' population='28765' datacode='GI' total_area='6.5' population_growth='0.54' infant_mortality='6.9' gdp_total='205' government='dependent territory of the UK'>
		<name>
			Gibraltar
		</name>
	</country>
	<country id='f0_213' name='France' capital='f0_1510' population='58317448' datacode='FR' total_area='547030' population_growth='0.34' infant_mortality='5.3' gdp_agri='2.4' gdp_total='1173000' inflation='1.7' government='republic' gdp_ind='26.5' gdp_serv='71.1' car_code='F'>
		<name>
			France
		</name>
	</country>
	<country id='f0_144' name='Andorra' capital='f0_1464' population='72766' datacode='AN' total_area='450' population_growth='2.96' infant_mortality='2.2' gdp_total='1000' government='
parliamentary democracy that retains as its heads of state a coprincipality' car_code='AND'>
		<name>
			Andorra
		</name>
	</country>
	<country id="f0_385" name="Spain" capital="f0_1614" population="39181112" datacode="SP" total_area="504750" population_growth="0.16" infant_mortality="6.3" gdp_agri="3.6" gdp_total="565000" inflation="4.3" indep_date="01 01 1492" government="parliamentary monarchy" gdp_ind="33.6" gdp_serv="62.8" car_code="E">
		<name>
			Spain
		</name>
		<province id="f0_18096" name="Andalusia" country="f0_385" capital="f0_5182" population="7053043" area="87600">
			<city id="f0_5182" country="f0_385" province="f0_18096">
				<name>
					Sevilla
				</name>
				<population year="94">
					714148
				</population>
			</city>
			<city id="f0_5254" country="f0_385" province="f0_18096">
				<name>
					Almeria
				</name>
				<population year="94">
					167361
				</population>
			</city>
			<city id="f0_5259" country="f0_385" province="f0_18096" longitude="-6.2" latitude="36.3">
				<name>
					Cadiz
				</name>
				<population year="94">
					155438
				</population>
			</city>
			<city id="f0_5264" country="f0_385" province="f0_18096">
				<name>
					Cordoba
				</name>
				<population year="94">
					315948
				</population>
			</city>
			<city id="f0_5269" country="f0_385" province="f0_18096">
				<name>
					Granada
				</name>
				<population year="94">
					271180
				</population>
			</city>
			<city id="f0_5274" country="f0_385" province="f0_18096">
				<name>
					Huelva
				</name>
				<population year="94">
					145049
				</population>
			</city>
			<city id="f0_5279" country="f0_385" province="f0_18096">
				<name>
					Malaga
				</name>
				<population year="94">
					531443
				</population>
			</city>
			<city id="f0_5373" country="f0_385" province="f0_18096">
				<name>
					Jerez de la Frontera
				</name>
				<population year="94">
					190390
				</population>
			</city>
			<city id="f0_5446" country="f0_385" province="f0_18096">
				<name>
					Jaen
				</name>
				<population year="94">
					112772
				</population>
			</city>
			<city id="f0_5458" country="f0_385" province="f0_18096">
				<name>
					Algeciras
				</name>
				<population year="94">
					103787
				</population>
			</city>
		</province>
		<province id="f0_18098" name="Aragon" country="f0_385" capital="f0_5188" population="1183576" area="47720">
			<city id="f0_5188" country="f0_385" province="f0_18098">
				<name>
					Zaragoza
				</name>
				<population year="94">
					606620
				</population>
			</city>
		</province>
		<province id="f0_18100" name="Asturias" country="f0_385" capital="f0_5194" population="1083388" area="10604">
			<city id="f0_5194" country="f0_385" province="f0_18100">
				<name>
					Oviedo
				</name>
				<population year="94">
					201712
				</population>
			</city>
			<city id="f0_5346" country="f0_385" province="f0_18100">
				<name>
					Gijon
				</name>
				<population year="94">
					269644
				</population>
			</city>
		</province>
		<province id="f0_18102" name="Balearic Islands" country="f0_385" capital="f0_5200" population="736865" area="4992">
			<city id="f0_5200" country="f0_385" province="f0_18102">
				<name>
					Palma de Mallorca
				</name>
				<population year="94">
					322008
				</population>
			</city>
		</province>
		<province id="f0_18104" name="Basque Country" country="f0_385" capital="f0_5206" population="2075561" area="7235">
			<city id="f0_5206" country="f0_385" province="f0_18104">
				<name>
					Vitoria Gasteiz
				</name>
				<population year="94">
					214148
				</population>
			</city>
			<city id="f0_5324" country="f0_385" province="f0_18104">
				<name>
					Bilbao
				</name>
				<population year="94">
					371876
				</population>
			</city>
			<city id="f0_5399" country="f0_385" province="f0_18104">
				<name>
					San Sebastian
				</name>
				<name>
					Donostia
				</name>
				<population year="94">
					177929
				</population>
			</city>
		</province>
		<province id="f0_18106" name="Canary Islands" country="f0_385" capital="f0_5212" population="1534897" area="7447">
			<city id="f0_5212" country="f0_385" province="f0_18106">
				<name>
					Santa Cruz de Tenerife
				</name>
				<population year="94">
					203929
				</population>
			</city>
			<city id="f0_5329" country="f0_385" province="f0_18106">
				<name>
					Las Palmas de Gran Canaria
				</name>
				<population year="94">
					371787
				</population>
			</city>
			<city id="f0_5441" country="f0_385" province="f0_18106">
				<name>
					La Laguna
				</name>
				<population year="94">
					125183
				</population>
			</city>
		</province>
		<province id="f0_18108" name="Cantabria" country="f0_385" capital="f0_5218" population="526090" area="5321">
			<city id="f0_5218" country="f0_385" province="f0_18108">
				<name>
					Santander
				</name>
				<population year="94">
					194822
				</population>
			</city>
		</province>
		<province id="f0_18110" name="Castile and Leon" country="f0_385" capital="f0_5224" population="2504371" area="94224">
			<city id="f0_5224" country="f0_385" province="f0_18110">
				<name>
					Valladolid
				</name>
				<population year="94">
					336917
				</population>
			</city>
			<city id="f0_5284" country="f0_385" province="f0_18110">
				<name>
					Albacete
				</name>
				<population year="94">
					141179
				</population>
			</city>
			<city id="f0_5289" country="f0_385" province="f0_18110">
				<name>
					Burgos
				</name>
				<population year="94">
					166251
				</population>
			</city>
			<city id="f0_5294" country="f0_385" province="f0_18110">
				<name>
					Leon
				</name>
				<population year="94">
					147311
				</population>
			</city>
			<city id="f0_5299" country="f0_385" province="f0_18110">
				<name>
					Salamanca
				</name>
				<population year="94">
					167382
				</population>
			</city>
		</province>
		<province id="f0_18112" name="Castile La Mancha" country="f0_385" capital="f0_5475" population="1656179" area="79462">
			<city id="f0_5475" country="f0_385" province="f0_18112">
				<name>
					Toledo
				</name>
			</city>
		</province>
		<province id="f0_18114" name="Catalonia" country="f0_385" capital="f0_5230" population="6090107" area="32113">
			<city id="f0_5230" country="f0_385" province="f0_18114" longitude="2.15" latitude="41.4">
				<name>
					Barcelona
				</name>
				<population year="94">
					1630867
				</population>
			</city>
			<city id="f0_5304" country="f0_385" province="f0_18114">
				<name>
					Lleida
				</name>
				<population year="94">
					114234
				</population>
			</city>
			<city id="f0_5309" country="f0_385" province="f0_18114">
				<name>
					Tarragona
				</name>
				<population year="94">
					114630
				</population>
			</city>
			<city id="f0_5351" country="f0_385" province="f0_18114">
				<name>
					Hospitalet de Llobregat
				</name>
				<population year="94">
					266242
				</population>
			</city>
			<city id="f0_5356" country="f0_385" province="f0_18114">
				<name>
					Badalona
				</name>
				<population year="94">
					219340
				</population>
			</city>
			<city id="f0_5378" country="f0_385" province="f0_18114">
				<name>
					Sabadell
				</name>
				<population year="94">
					189006
				</population>
			</city>
			<city id="f0_5411" country="f0_385" province="f0_18114">
				<name>
					Terrassa
				</name>
				<population year="94">
					161428
				</population>
			</city>
			<city id="f0_5436" country="f0_385" province="f0_18114">
				<name>
					Santa Coloma de Gramanet
				</name>
				<population year="94">
					131764
				</population>
			</city>
			<city id="f0_5463" country="f0_385" province="f0_18114">
				<name>
					Baracaldo
				</name>
				<name>
					Barakaldo
				</name>
				<population year="94">
					103594
				</population>
			</city>
			<city id="f0_5470" country="f0_385" province="f0_18114">
				<name>
					Mataro
				</name>
				<population year="94">
					102117
				</population>
			</city>
		</province>
		<province id="f0_18116" name="Estremadura" country="f0_385" capital="f0_5480" population="1050590" area="41635">
			<city id="f0_5314" country="f0_385" province="f0_18116">
				<name>
					Badajoz
				</name>
				<population year="94">
					130153
				</population>
			</city>
			<city id="f0_5480" country="f0_385" province="f0_18116">
				<name>
					Merida
				</name>
			</city>
		</province>
		<province id="f0_18118" name="Galicia" country="f0_385" capital="f0_5485" population="2720761" area="29574">
			<city id="f0_5319" country="f0_385" province="f0_18118">
				<name>
					La Coruna
				</name>
				<population year="94">
					255087
				</population>
			</city>
			<city id="f0_5334" country="f0_385" province="f0_18118">
				<name>
					Vigo
				</name>
				<population year="94">
					288573
				</population>
			</city>
			<city id="f0_5451" country="f0_385" province="f0_18118">
				<name>
					Orense
				</name>
				<name>
					Ourense
				</name>
				<population year="94">
					108547
				</population>
			</city>
			<city id="f0_5485" country="f0_385" province="f0_18118">
				<name>
					Santiago de Compostella
				</name>
			</city>
		</province>
		<province id="f0_18120" name="Madrid" country="f0_385" capital="f0_1614" population="5034548" area="8028">
			<city id="f0_1614" country="f0_385" province="f0_18120" longitude="-3.68333" latitude="40.4167">
				<name>
					Madrid
				</name>
				<population year="94">
					3041101
				</population>
			</city>
			<city id="f0_5361" country="f0_385" province="f0_18120">
				<name>
					Mostoles
				</name>
				<population year="94">
					199141
				</population>
			</city>
			<city id="f0_5394" country="f0_385" province="f0_18120">
				<name>
					Leganes
				</name>
				<population year="94">
					178162
				</population>
			</city>
			<city id="f0_5406" country="f0_385" province="f0_18120">
				<name>
					Alcala de Henares
				</name>
				<population year="94">
					166250
				</population>
			</city>
			<city id="f0_5416" country="f0_385" province="f0_18120">
				<name>
					Fuenlabrada
				</name>
				<population year="94">
					158212
				</population>
			</city>
			<city id="f0_5421" country="f0_385" province="f0_18120">
				<name>
					Getafe
				</name>
				<population year="94">
					144368
				</population>
			</city>
			<city id="f0_5426" country="f0_385" province="f0_18120">
				<name>
					Alcorcon
				</name>
				<population year="94">
					142165
				</population>
			</city>
		</province>
		<province id="f0_18121" name="Murcia" country="f0_385" capital="f0_5236" population="1070401" area="11314">
			<city id="f0_5236" country="f0_385" province="f0_18121">
				<name>
					Murcia
				</name>
				<population year="94">
					341531
				</population>
			</city>
			<city id="f0_5389" country="f0_385" province="f0_18121">
				<name>
					Cartagena
				</name>
				<population year="94">
					179659
				</population>
			</city>
		</province>
		<province id="f0_18122" name="Navarre" country="f0_385" capital="f0_5383" population="523614" area="10391">
			<city id="f0_5383" country="f0_385" province="f0_18122">
				<name>
					Pamplona
				</name>
				<population year="94">
					182465
				</population>
			</city>
		</province>
		<province id="f0_18124" name="Rioja" country="f0_385" capital="f0_5242" population="263437" area="5045">
			<city id="f0_5242" country="f0_385" province="f0_18124">
				<name>
					Logrono
				</name>
				<population year="94">
					124823
				</population>
			</city>
		</province>
		<province id="f0_18126" name="Valencia" country="f0_385" capital="f0_5248" population="3909047" area="23255">
			<city id="f0_5248" country="f0_385" province="f0_18126" longitude="-0.383333" latitude="39.4667">
				<name>
					Valencia
				</name>
				<population year="94">
					764293
				</population>
			</city>
			<city id="f0_5339" country="f0_385" province="f0_18126">
				<name>
					Alicante
				</name>
				<name>
					Alacant
				</name>
				<population year="94">
					274964
				</population>
			</city>
			<city id="f0_5366" country="f0_385" province="f0_18126">
				<name>
					Elche
				</name>
				<name>
					Elx
				</name>
				<population year="94">
					191305
				</population>
			</city>
			<city id="f0_5431" country="f0_385" province="f0_18126">
				<name>
					Castellon de la Plana
				</name>
				<population year="94">
					139094
				</population>
			</city>
		</province>
		<ethnicgroups percentage="100">
			Mediterranean Nordic
		</ethnicgroups>
		<religions percentage="99">
			Roman Catholic
		</religions>
		<languages percentage="17">
			Catalan
		</languages>
		<languages percentage="7">
			Galician
		</languages>
		<languages percentage="2">
			Basque
		</languages>
		<encompassed continent="f0_119" percentage="100"/>
		<border length="65" country="f0_144"/>
		<border length="623" country="f0_213"/>
		<border length="1.2" country="f0_227"/>
		<border length="1214" country="f0_344"/>
	</country>
</root>