<?xml version="1.0" encoding="UTF-8"?>
<!DOCTYPE empresa SYSTEM "Empresa-Empleados.dtd"><empresa>
  <nombre_emp CIF="S5432313H">TodoPaMi S.L.</nombre_emp>
  <personal>
    <empleado id="E1">
      <nombre>Juan Jefazo</nombre>
      <cargo>Director</cargo>
    </empleado>
    <empleado id="E2" idJefes="E1">
      <nombre>Alberto Pami</nombre>
      <cargo>Gerente</cargo>
    </empleado>
    <empleado id="E3" idJefes="E1 E2">
      <nombre>Curro Mucho</nombre>
      <cargo>Diseñador</cargo>
    </empleado>
    <empleado id="E4" idJefes="E1 E2 E3">
      <nombre>Rodrigo Hormigo</nombre>
      <cargo>Administrativo</cargo>
    </empleado>
  </personal>
</empresa>
